user_id,plan_type,country,device_type,industry,plan_ordinal,device_is_desktop,country_France,country_Germany,country_Turkey,country_UK,country_USA,industry_E-Commerce,industry_Education,industry_Healthcare,industry_SaaS,n_login,n_logout,n_checkout_start,n_payment_success,n_trial_extension,n_feature_click,n_total_events,first_event_day,last_event_day,days_active,tenure_days,recency_payment_days,recency_checkout_days,events_last_7d,events_first_7d,activity_trend,checkout_to_payment_rate,login_to_payment_rate,payment_per_event,feature_click_rate,login_logout_ratio,trial_extension_intensity,avg_events_per_active_day,is_high_payer,churn_risk,growth_potential
051b167b-c30d-4155-a35a-6093f480ea88,Business,France,Mobile,SaaS,2,0,1,0,0,0,0,0,0,0,1,2,8,5,3,5,3,26,10.47667824074074,3.923900462962963,8,7.552777777777778,5.977372685185185,3.923900462962963,15,26,-0.4230769230769231,0.6,1.5,0.11538461538461539,0.11538461538461539,0.25,0.19230769230769232,3.25,0,0.3296,0.0
4d07c71d-bf62-45e6-ae2e-c1e7ef17d22c,Pro,UK,Desktop,SaaS,1,1,0,0,0,1,0,0,0,0,1,3,5,2,4,5,7,26,17.41695601851852,10.567650462962963,8,7.8493055555555555,10.567650462962963,13.290567129629629,0,26,-1.0,2.0,1.3333333333333333,0.15384615384615385,0.2692307692307692,0.6,0.19230769230769232,3.25,0,0.5658,0.3073
4386cf87-24eb-4448-a2bb-265a39c9261a,Free,Turkey,Mobile,E-Commerce,0,0,0,0,1,0,0,1,0,0,0,4,3,7,2,3,7,26,14.419039351851852,7.794039351851852,8,7.625,11.29542824074074,8.05931712962963,0,26,-1.0,0.2857142857142857,0.5,0.07692307692307693,0.2692307692307692,1.3333333333333333,0.11538461538461539,3.25,0,0.441,0.5899
b70b565f-8283-4135-928a-8efee2006d33,Pro,France,Desktop,SaaS,1,1,1,0,0,0,0,0,0,0,1,2,5,3,9,3,2,24,9.849594907407408,3.5891782407407407,7,7.260416666666667,3.5891782407407407,3.8530671296296295,12,24,-0.5,3.0,4.5,0.375,0.08333333333333333,0.4,0.125,3.4285714285714284,1,0.2982,0.2387
87eed6d8-591b-4806-9457-501bc90ef72f,Free,Germany,Mobile,SaaS,0,0,0,1,0,0,0,0,0,0,1,8,4,7,4,4,2,29,8.294039351851852,1.644039351851852,7,7.65,1.846122685185185,1.644039351851852,23,29,-0.20689655172413793,0.5714285714285714,0.5,0.13793103448275862,0.06896551724137931,2.0,0.13793103448275862,4.142857142857143,0,0.2278,0.5638
ff648fe2-81bb-4241-b775-d2b9651f81ac,Free,USA,Mobile,E-Commerce,0,0,0,0,0,0,1,1,0,0,0,4,4,5,4,8,5,30,16.29195601851852,9.791956018518519,8,7.5,10.750289351851851,10.805150462962963,0,30,-1.0,0.8,1.0,0.13333333333333333,0.16666666666666666,1.0,0.26666666666666666,3.75,0,0.5697,0.4712
8f67212d-4849-4d0c-a322-7ff3f36f0d8e,Pro,Germany,Desktop,Healthcare,1,1,0,1,0,0,0,0,0,1,0,5,2,7,4,7,1,26,7.418344907407407,0.7683449074074075,8,7.65,1.6232060185185184,0.7683449074074075,23,26,-0.11538461538461539,0.5714285714285714,0.8,0.15384615384615385,0.038461538461538464,2.5,0.2692307692307692,3.25,0,0.264,0.336
cbe8d2d0-206b-4b3b-a6a2-6790cc823d31,Free,Germany,Mobile,E-Commerce,0,0,0,1,0,0,0,1,0,0,0,4,5,2,3,5,7,26,23.97667824074074,17.533622685185186,7,7.4430555555555555,18.28153935185185,18.90515046296296,0,26,-1.0,1.5,0.75,0.11538461538461539,0.2692307692307692,0.8,0.19230769230769232,3.7142857142857144,0,0.7154,0.4092
5807d473-a426-46c3-93b1-47cbb682fed9,Business,Turkey,Mobile,SaaS,2,0,0,0,1,0,0,0,0,0,1,2,7,3,4,5,7,28,18.341261574074075,11.987094907407407,8,7.354166666666667,12.376678240740741,14.438483796296296,0,28,-1.0,1.3333333333333333,2.0,0.14285714285714285,0.25,0.2857142857142857,0.17857142857142858,3.5,0,0.5894,0.0
95d2ff24-108d-4d0d-af65-6195ab0dc827,Free,UK,Mobile,SaaS,0,0,0,0,0,1,0,0,0,0,1,8,6,6,4,5,5,34,9.412094907407408,2.8433449074074075,8,7.56875,3.169039351851852,3.2968171296296296,26,34,-0.23529411764705882,0.6666666666666666,0.5,0.11764705882352941,0.14705882352941177,1.3333333333333333,0.14705882352941177,4.25,0,0.2671,0.623
00d8c689-f2a7-448b-9393-20a6adca0868,Pro,Germany,Desktop,Healthcare,1,1,0,1,0,0,0,0,0,1,0,4,2,1,9,7,1,24,23.50306712962963,16.535706018518518,7,7.967361111111111,16.911400462962963,22.685011574074075,0,24,-1.0,9.0,2.25,0.375,0.041666666666666664,2.0,0.2916666666666667,3.4285714285714284,1,0.7846,0.1499
b3ceff26-2650-4715-a79a-60a0a65050ac,Business,USA,Mobile,Education,2,0,0,0,0,0,1,0,1,0,0,2,4,5,5,8,3,27,21.31417824074074,14.557928240740742,7,7.75625,14.557928240740742,15.259317129629629,0,27,-1.0,1.0,2.5,0.18518518518518517,0.1111111111111111,0.5,0.2962962962962963,3.857142857142857,0,0.6924,0.0
f32df4b9-b298-43e9-9c91-ce79f5d05b86,Business,UK,Desktop,SaaS,2,1,0,0,0,1,0,0,0,0,1,6,4,4,6,2,6,28,19.973206018518518,13.738483796296297,7,7.2347222222222225,16.146122685185187,14.119039351851852,0,28,-1.0,1.5,1.0,0.21428571428571427,0.21428571428571427,1.5,0.07142857142857142,4.0,1,0.558,0.0
6013855f-f99f-46b7-a5d6-25fa6d1536cb,Pro,France,Mobile,SaaS,1,0,1,0,0,0,0,0,0,0,1,8,6,4,3,2,4,27,8.32042824074074,1.8433449074074073,8,7.477083333333334,3.1155671296296297,2.1745949074074074,20,27,-0.25925925925925924,0.75,0.375,0.1111111111111111,0.14814814814814814,1.3333333333333333,0.07407407407407407,3.375,0,0.2087,0.389
1bf1deb4-62e9-417f-a96c-e8fcc94deba8,Free,USA,Mobile,Healthcare,0,0,0,0,0,0,1,0,0,1,0,7,3,8,6,3,4,31,19.25306712962963,12.569733796296296,8,7.683333333333334,12.569733796296296,14.527372685185185,0,31,-1.0,0.75,0.8571428571428571,0.1935483870967742,0.12903225806451613,2.3333333333333335,0.0967741935483871,3.875,1,0.5577,0.548
f95a949d-ecf6-4a65-814a-b500e2d48158,Business,UK,Desktop,Healthcare,2,1,0,0,0,1,0,0,0,1,0,6,5,4,6,3,4,28,9.466956018518518,2.5384837962962963,8,7.928472222222222,3.3968171296296297,6.624594907407407,19,28,-0.32142857142857145,1.5,1.0,0.21428571428571427,0.14285714285714285,1.2,0.10714285714285714,3.5,1,0.2811,0.0
892bd7d9-620d-482b-b25f-5652aa9d65ab,Pro,Germany,Desktop,Healthcare,1,1,0,1,0,0,0,0,0,1,0,3,5,7,4,2,10,31,27.349594907407408,20.641956018518517,8,7.707638888888889,20.69681712962963,20.93570601851852,0,31,-1.0,0.5714285714285714,1.3333333333333333,0.12903225806451613,0.3225806451612903,0.6,0.06451612903225806,3.875,0,0.7141,0.3977
c36be2fb-ebe2-422b-8987-62935c041016,Pro,France,Desktop,E-Commerce,1,1,1,0,0,0,0,1,0,0,0,8,5,4,3,7,4,31,27.45931712962963,20.587789351851853,8,7.871527777777778,24.419733796296295,21.674594907407407,0,31,-1.0,0.75,0.375,0.0967741935483871,0.12903225806451613,1.6,0.22580645161290322,3.875,0,0.8005,0.2953
f996149b-6e0d-4ff9-b2e9-717a8d2d3bfd,Pro,USA,Mobile,SaaS,1,0,0,0,0,0,1,0,0,0,1,2,8,5,3,8,7,33,8.330150462962964,1.723900462962963,8,7.60625,2.8280671296296296,1.723900462962963,29,33,-0.12121212121212122,0.6,1.5,0.09090909090909091,0.21212121212121213,0.25,0.24242424242424243,4.125,0,0.2734,0.3842
1553a711-8d9d-437e-9d45-92ca2a31ac70,Business,Germany,Mobile,E-Commerce,2,0,0,1,0,0,0,1,0,0,0,1,5,7,7,3,4,27,23.254456018518518,16.633622685185184,8,7.620833333333334,16.633622685185184,17.157233796296296,0,27,-1.0,1.0,7.0,0.25925925925925924,0.14814814814814814,0.2,0.1111111111111111,3.375,1,0.6464,0.0
cfba8cc5-8530-464e-8d6c-8a6dbd8b4252,Free,Turkey,Mobile,E-Commerce,0,0,0,0,1,0,0,1,0,0,0,4,10,3,3,7,7,34,20.475983796296298,13.675983796296297,8,7.8,17.12528935185185,14.480844907407407,0,34,-1.0,1.0,0.75,0.08823529411764706,0.20588235294117646,0.4,0.20588235294117646,4.25,0,0.6276,0.459
521cf522-51c0-4f32-9f3b-2f1dd3d80390,Pro,France,Desktop,SaaS,1,1,1,0,0,0,0,0,0,0,1,1,7,4,3,4,4,23,15.31556712962963,8.599594907407408,8,7.715972222222222,8.665567129629629,10.323900462962962,0,23,-1.0,0.75,3.0,0.13043478260869565,0.17391304347826086,0.14285714285714285,0.17391304347826086,2.875,0,0.502,0.2572
059bff93-8694-4827-9d24-de56ef000fc7,Business,UK,Desktop,Healthcare,2,1,0,0,0,1,0,0,0,1,0,6,5,1,7,7,6,32,20.306539351851853,13.665567129629629,8,7.6409722222222225,13.743344907407407,17.205844907407407,0,32,-1.0,7.0,1.1666666666666667,0.21875,0.1875,1.2,0.21875,4.0,1,0.6582,0.0
bd8c2820-74f9-44d2-8dd7-8dcc31c0dcdf,Free,Germany,Desktop,SaaS,0,1,0,1,0,0,0,0,0,0,1,8,3,2,3,3,5,24,9.089178240740742,2.7280671296296295,8,7.361111111111111,4.0454282407407405,7.957928240740741,15,24,-0.375,1.5,0.375,0.125,0.20833333333333334,2.6666666666666665,0.125,3.0,0,0.31,0.535
37315586-6747-4190-b80d-c267479e9383,Free,Turkey,Mobile,SaaS,0,0,0,0,1,0,0,0,0,0,1,7,3,2,4,3,6,25,26.443344907407408,19.541261574074074,8,7.902083333333334,23.830844907407407,19.541261574074074,0,25,-1.0,2.0,0.5714285714285714,0.16,0.24,2.3333333333333335,0.12,3.125,0,0.7136,0.4249
cd204564-9328-44a8-a08d-62c14c4ad619,Business,Germany,Desktop,Education,2,1,0,1,0,0,0,0,1,0,0,7,6,4,4,7,5,33,15.37945601851852,8.574594907407407,8,7.804861111111111,9.600983796296296,9.787789351851853,0,33,-1.0,1.0,0.5714285714285714,0.12121212121212122,0.15151515151515152,1.1666666666666667,0.21212121212121213,4.125,0,0.5159,0.0
e5657620-d980-4a07-8561-f9b32981ac2e,Pro,Germany,Desktop,Education,1,1,0,1,0,0,0,0,1,0,0,4,2,7,2,3,3,21,20.180150462962963,13.75306712962963,8,7.427083333333333,14.135011574074074,13.75306712962963,0,21,-1.0,0.2857142857142857,0.5,0.09523809523809523,0.14285714285714285,2.0,0.14285714285714285,2.625,0,0.5907,0.2991
39c1074a-af14-4aa5-8860-208682855fcd,Free,USA,Mobile,Healthcare,0,0,0,0,0,0,1,0,0,1,0,6,5,8,5,5,2,31,12.48431712962963,5.561400462962963,8,7.922916666666667,5.84056712962963,7.291261574074074,8,31,-0.7419354838709677,0.625,0.8333333333333334,0.16129032258064516,0.06451612903225806,1.2,0.16129032258064516,3.875,0,0.3994,0.5181
722ea163-6e9a-4961-a1e8-68b152ff32ea,Business,USA,Desktop,SaaS,2,1,0,0,0,0,1,0,0,0,1,3,6,3,6,3,3,24,18.36556712962963,11.672511574074074,8,7.6930555555555555,12.314872685185184,11.672511574074074,0,24,-1.0,2.0,2.0,0.25,0.125,0.5,0.125,3.0,1,0.5335,0.0
66ece46c-47f7-45e5-b601-0ca162a96a9f,Pro,France,Mobile,E-Commerce,1,0,1,0,0,0,0,1,0,0,0,4,2,4,2,6,6,24,27.500983796296296,20.644733796296297,8,7.85625,20.973900462962963,20.657233796296296,0,24,-1.0,0.5,0.5,0.08333333333333333,0.25,2.0,0.25,3.0,0,0.8044,0.281
c4cf2b14-88db-4fee-9e87-6d0d25dae510,Business,Turkey,Mobile,SaaS,2,0,0,0,1,0,0,0,0,0,1,3,6,6,7,3,0,25,27.413483796296298,20.894733796296297,8,7.51875,20.957928240740742,21.23084490740741,0,25,-1.0,1.1666666666666667,2.3333333333333335,0.28,0.0,0.5,0.12,3.125,1,0.7481,0.0
9555e2c4-6bab-44d0-aa72-a64cf3570002,Business,USA,Desktop,Healthcare,2,1,0,0,0,0,1,0,0,1,0,8,5,5,4,8,3,33,12.475289351851853,5.565567129629629,8,7.909722222222222,8.157233796296296,7.141956018518519,6,33,-0.8181818181818182,0.8,0.5,0.12121212121212122,0.09090909090909091,1.6,0.24242424242424243,4.125,0,0.4463,0.0
29540d3c-9d45-4575-ad9d-3b9c3b52b12e,Business,UK,Mobile,Healthcare,2,0,0,0,0,1,0,0,0,1,0,2,2,6,13,3,5,31,20.40445601851852,13.519733796296297,7,7.884722222222222,13.519733796296297,13.87945601851852,0,31,-1.0,2.1666666666666665,6.5,0.41935483870967744,0.16129032258064516,1.0,0.0967741935483871,4.428571428571429,1,0.5654,0.0
916f3458-fe95-4056-9a62-ff586522c10e,Free,France,Mobile,SaaS,0,0,1,0,0,0,0,0,0,0,1,6,7,5,8,2,5,33,12.134317129629629,5.554456018518518,8,7.579861111111111,6.057928240740741,6.88431712962963,8,33,-0.7575757575757576,1.6,1.3333333333333333,0.24242424242424243,0.15151515151515152,0.8571428571428571,0.06060606060606061,4.125,1,0.3469,0.5414
7183f84f-a077-4c8b-b838-fde35379afb7,Business,USA,Desktop,E-Commerce,2,1,0,0,0,0,1,1,0,0,0,7,7,3,9,4,4,34,9.353761574074074,2.6120949074074074,8,7.741666666666666,3.021122685185185,6.186400462962963,22,34,-0.35294117647058826,3.0,1.2857142857142858,0.2647058823529412,0.11764705882352941,1.0,0.11764705882352941,4.25,1,0.2867,0.0
252d0091-bae4-4c5b-9caf-17cec47c4485,Business,UK,Desktop,Education,2,1,0,0,0,1,0,0,1,0,0,9,5,4,4,8,3,33,11.016944444444444,4.548194444444444,8,7.46875,4.548194444444444,5.6009722222222225,12,33,-0.6363636363636364,1.0,0.4444444444444444,0.12121212121212122,0.09090909090909091,1.8,0.24242424242424243,4.125,0,0.3998,0.0
e2fce059-39da-4ff9-9ccf-193707265043,Free,UK,Desktop,Healthcare,0,1,0,0,0,1,0,0,0,1,0,5,6,3,6,5,2,27,26.494027777777777,19.69125,8,7.802777777777778,19.69125,19.840555555555557,0,27,-1.0,2.0,1.2,0.2222222222222222,0.07407407407407407,0.8333333333333334,0.18518518518518517,3.375,1,0.751,0.286
52b55b5b-c36f-4502-be55-1a653487172c,Free,UK,Desktop,SaaS,0,1,0,0,0,1,0,0,0,0,1,3,3,5,6,3,4,24,21.235694444444444,14.591944444444444,8,7.64375,15.321805555555555,15.77875,0,24,-1.0,1.2,2.0,0.25,0.16666666666666666,1.0,0.125,3.0,1,0.6118,0.3869
49e52a0a-916b-4a26-9184-e84e3da946ce,Free,France,Mobile,SaaS,0,0,1,0,0,0,0,0,0,0,1,4,3,2,6,5,7,27,16.20861111111111,9.832222222222223,8,7.376388888888889,10.682916666666667,11.734305555555556,0,27,-1.0,3.0,1.5,0.2222222222222222,0.25925925925925924,1.3333333333333333,0.18518518518518517,3.375,1,0.5378,0.4642
896a54c4-63ec-4091-8215-dc1529bc4e9a,Pro,USA,Mobile,SaaS,1,0,0,0,0,0,1,0,0,0,1,4,1,3,10,5,8,31,8.43361111111111,1.6731944444444444,8,7.760416666666667,1.6731944444444444,2.564861111111111,27,31,-0.12903225806451613,3.3333333333333335,2.5,0.3225806451612903,0.25806451612903225,4.0,0.16129032258064516,3.875,1,0.2404,0.4023
1037e026-6055-4c3c-8583-098e2a2bf832,Free,Germany,Mobile,SaaS,0,0,0,1,0,0,0,0,0,0,1,4,8,3,4,8,1,28,13.51,6.544722222222222,8,7.965277777777778,6.5593055555555555,6.578055555555555,4,28,-0.8571428571428571,1.3333333333333333,1.0,0.14285714285714285,0.03571428571428571,0.5,0.2857142857142857,3.5,0,0.4808,0.3299
ea297f2b-98b9-4752-b484-39f63969d654,Free,UK,Mobile,Education,0,0,0,0,0,1,0,0,1,0,0,6,2,6,6,4,3,27,24.26,17.61625,7,7.64375,18.003055555555555,17.61625,0,27,-1.0,1.0,1.0,0.2222222222222222,0.1111111111111111,3.0,0.14814814814814814,3.857142857142857,1,0.683,0.4175
135b321e-2861-4195-830a-761f5893fec8,Business,Turkey,Desktop,Healthcare,2,1,0,0,1,0,0,0,0,1,0,2,6,7,4,1,4,24,27.152361111111112,20.563472222222224,8,7.588888888888889,21.328055555555554,20.83013888888889,0,24,-1.0,0.5714285714285714,2.0,0.16666666666666666,0.16666666666666666,0.3333333333333333,0.041666666666666664,3.0,0,0.7006,0.0
fee9867c-0397-4219-8d8d-7e4db742113b,Pro,Germany,Mobile,Healthcare,1,0,0,1,0,0,0,0,0,1,0,7,5,3,4,7,7,33,13.494722222222222,6.55375,8,7.940972222222222,7.229444444444445,10.549583333333333,3,33,-0.9090909090909091,1.3333333333333333,0.5714285714285714,0.12121212121212122,0.21212121212121213,1.4,0.21212121212121213,4.125,0,0.4848,0.3989
0429cb6a-75bd-4ff9-ba88-37483e5f3e33,Free,Germany,Mobile,Healthcare,0,0,0,1,0,0,0,0,0,1,0,5,6,1,7,4,2,25,7.498888888888889,0.7634722222222222,8,7.735416666666667,0.9870833333333333,4.991944444444444,23,25,-0.08,7.0,1.4,0.28,0.08,0.8333333333333334,0.16,3.125,1,0.2435,0.3768
973acce4-d23c-4c23-9a1a-57c1e3b07416,Business,Germany,Desktop,Healthcare,2,1,0,1,0,0,0,0,0,1,0,5,3,4,3,2,7,24,18.50027777777778,11.559305555555556,8,7.940972222222222,13.801666666666666,12.235694444444444,0,24,-1.0,0.75,0.6,0.125,0.2916666666666667,1.6666666666666667,0.08333333333333333,3.0,0,0.516,0.0
55ff421e-0ac4-4fe0-a4de-0dc899acf8f7,Free,Germany,Mobile,E-Commerce,0,0,0,1,0,0,0,1,0,0,0,8,5,5,2,6,5,31,15.519027777777778,8.557916666666667,8,7.961111111111111,13.194722222222222,9.44125,0,31,-1.0,0.4,0.25,0.06451612903225806,0.16129032258064516,1.6,0.1935483870967742,3.875,0,0.5033,0.56
5d58e17b-ca00-4266-aef4-f0050fb236b0,Free,France,Mobile,Healthcare,0,0,1,0,0,0,0,0,0,1,0,1,6,5,5,8,10,35,23.424583333333334,16.814166666666665,8,7.610416666666667,16.823888888888888,16.814166666666665,0,35,-1.0,1.0,5.0,0.14285714285714285,0.2857142857142857,0.16666666666666666,0.22857142857142856,4.375,0,0.7046,0.511
0e7b2651-6e0b-406c-8734-67adb6189838,Pro,UK,Mobile,Healthcare,1,0,0,0,0,1,0,0,0,1,0,3,5,5,6,2,8,29,19.455833333333334,12.534305555555555,8,7.9215277777777775,13.450277777777778,14.796805555555556,0,29,-1.0,1.2,2.0,0.20689655172413793,0.27586206896551724,0.6,0.06896551724137931,3.625,1,0.5457,0.3651
3814ded4-9cbd-41a7-b5a2-e2000c8660ba,Business,UK,Mobile,SaaS,2,0,0,0,0,1,0,0,0,0,1,5,5,2,2,5,6,25,21.335,14.921805555555556,8,7.413194444444445,15.26763888888889,18.44472222222222,0,25,-1.0,1.0,0.4,0.08,0.24,1.0,0.2,3.125,0,0.6779,0.0
8c9bc24a-93b4-4c15-969e-8c0fcf081067,Business,UK,Desktop,Healthcare,2,1,0,0,0,1,0,0,0,1,0,6,7,4,2,6,4,29,22.464166666666667,15.557916666666667,8,7.90625,19.6975,15.557916666666667,0,29,-1.0,0.5,0.3333333333333333,0.06896551724137931,0.13793103448275862,0.8571428571428571,0.20689655172413793,3.625,0,0.6646,0.0
1996f70f-ad12-43c5-b576-842a6b9eafa5,Business,France,Mobile,Healthcare,2,0,1,0,0,0,0,0,0,1,0,5,1,4,7,2,7,26,25.334305555555556,18.75722222222222,8,7.577083333333333,18.75722222222222,20.04611111111111,0,26,-1.0,1.75,1.4,0.2692307692307692,0.2692307692307692,5.0,0.07692307692307693,3.25,1,0.6854,0.0
c5ddc6b4-aa4a-45dd-8655-011b64949ee4,Business,UK,Mobile,Education,2,0,0,0,0,1,0,0,1,0,0,4,5,5,2,2,5,23,14.403055555555556,7.649583333333333,8,7.753472222222222,7.649583333333333,8.050972222222223,0,23,-1.0,0.4,0.5,0.08695652173913043,0.21739130434782608,0.8,0.08695652173913043,2.875,0,0.4246,0.0
ef5ec769-89d6-4f73-9ab6-0f127e934910,Free,Turkey,Desktop,Healthcare,0,1,0,0,1,0,0,0,0,1,0,1,4,4,6,2,2,19,17.985,11.555138888888889,7,7.429861111111111,12.070416666666667,11.555138888888889,0,19,-1.0,1.5,6.0,0.3157894736842105,0.10526315789473684,0.25,0.10526315789473684,2.7142857142857144,1,0.5209,0.2864
e01a0fe4-dd44-4797-8b35-701c4bf37740,Pro,USA,Desktop,Education,1,1,0,0,0,0,1,0,1,0,0,3,3,4,3,6,6,25,15.470416666666667,8.576666666666666,8,7.89375,12.7475,10.54888888888889,0,25,-1.0,0.75,1.0,0.12,0.24,1.0,0.24,3.125,0,0.5367,0.3273
e14eb847-a7cc-4072-976a-8a96fbbb25b2,Pro,Germany,Mobile,Healthcare,1,0,0,1,0,0,0,0,0,1,0,2,1,5,8,5,4,25,26.459305555555556,19.990555555555556,8,7.46875,19.990555555555556,20.47597222222222,0,25,-1.0,1.6,4.0,0.32,0.16,2.0,0.2,3.125,1,0.7684,0.2298
b3ddb988-82e1-42f1-8eaa-7c4f4e71264e,Free,UK,Desktop,Education,0,1,0,0,0,1,0,0,1,0,0,5,6,6,6,2,3,28,8.309305555555556,1.7731944444444445,8,7.536111111111111,3.1440277777777776,1.8481944444444445,24,28,-0.14285714285714285,1.0,1.2,0.21428571428571427,0.10714285714285714,0.8333333333333334,0.07142857142857142,3.5,1,0.1918,0.5107
17a888ba-6992-4399-889c-8f3b53bf2b56,Pro,Turkey,Mobile,E-Commerce,1,0,0,0,1,0,0,1,0,0,0,5,2,3,4,5,5,24,26.306527777777777,19.585,8,7.721527777777778,21.59263888888889,19.918333333333333,0,24,-1.0,1.3333333333333333,0.8,0.16666666666666666,0.20833333333333334,2.5,0.20833333333333334,3.0,0,0.7618,0.2637
84b54c39-bfef-4ca8-88d7-96e66d278051,Free,Turkey,Mobile,SaaS,0,0,0,0,1,0,0,0,0,0,1,3,8,6,3,7,5,32,23.515555555555554,16.699583333333333,8,7.815972222222222,18.485694444444444,17.48361111111111,0,32,-1.0,0.5,1.0,0.09375,0.15625,0.375,0.21875,4.0,0,0.704,0.4241
30cf79f2-0dc6-4b98-b677-d9937e163757,Free,France,Desktop,SaaS,0,1,1,0,0,0,0,0,0,0,1,8,2,8,6,6,8,38,22.35236111111111,15.707222222222223,8,7.645138888888889,17.87388888888889,17.489166666666666,0,38,-1.0,0.75,0.75,0.15789473684210525,0.21052631578947367,4.0,0.15789473684210525,4.75,1,0.6595,0.6656
d68c2b87-638a-49bf-96d4-a528e3cc6ceb,Business,USA,Desktop,E-Commerce,2,1,0,0,0,0,1,1,0,0,0,5,7,4,4,3,5,28,16.461388888888887,9.636388888888888,8,7.825,10.262777777777778,11.83013888888889,0,28,-1.0,1.0,0.8,0.14285714285714285,0.17857142857142858,0.7142857142857143,0.10714285714285714,3.5,0,0.4969,0.0
9cc0d41c-f9ac-4e02-80f4-e9f120c9a9b7,Free,UK,Desktop,Healthcare,0,1,0,0,0,1,0,0,0,1,0,4,4,3,0,9,1,21,19.465555555555557,12.526666666666667,8,7.938888888888889,28.0,13.65375,0,21,-1.0,0.0,0.0,0.0,0.047619047619047616,1.0,0.42857142857142855,2.625,0,0.6509,0.2872
1f9d4d16-3257-442f-8fb1-6d426d54607f,Business,UK,Mobile,E-Commerce,2,0,0,0,0,1,0,1,0,0,0,4,3,3,4,5,3,22,14.219027777777777,7.749583333333334,8,7.469444444444444,7.9752777777777775,10.448888888888888,0,22,-1.0,1.3333333333333333,1.0,0.18181818181818182,0.13636363636363635,1.3333333333333333,0.22727272727272727,2.75,0,0.5176,0.0
cd3ee9af-0712-4f60-a695-78d822fdb92c,Business,France,Desktop,E-Commerce,2,1,1,0,0,0,0,1,0,0,0,6,6,3,4,7,8,34,23.512083333333333,16.584305555555556,8,7.927777777777778,16.89472222222222,17.607222222222223,0,34,-1.0,1.3333333333333333,0.6666666666666666,0.11764705882352941,0.23529411764705882,1.0,0.20588235294117646,4.25,0,0.6971,0.0
c376f5f0-1be0-4e76-b753-f842c57f959a,Pro,France,Mobile,Healthcare,1,0,1,0,0,0,0,0,0,1,0,5,9,6,4,2,2,28,13.918333333333333,7.573888888888889,7,7.344444444444444,9.719722222222222,8.819722222222222,0,28,-1.0,0.6666666666666666,0.8,0.14285714285714285,0.07142857142857142,0.5555555555555556,0.07142857142857142,4.0,0,0.4227,0.3075
a92f5e02-66b3-4f23-9b88-d8aa97a97c30,Free,USA,Desktop,SaaS,0,1,0,0,0,0,1,0,0,0,1,0,5,7,6,2,4,24,14.42388888888889,7.665555555555556,8,7.758333333333334,8.41625,9.205833333333333,0,24,-1.0,0.8571428571428571,6.0,0.25,0.16666666666666666,0.0,0.08333333333333333,3.0,1,0.4334,0.4208
f8da8244-dffa-443b-82eb-8773bee81964,Business,France,Mobile,Healthcare,2,0,1,0,0,0,0,0,0,1,0,7,6,6,6,4,4,33,24.295416666666668,17.623194444444444,8,7.6722222222222225,18.335,17.92736111111111,0,33,-1.0,1.0,0.8571428571428571,0.18181818181818182,0.12121212121212122,1.1666666666666667,0.12121212121212122,4.125,1,0.6724,0.0
00381c5b-527e-48d7-a78e-3406a3479620,Free,France,Desktop,Healthcare,0,1,1,0,0,0,0,0,0,1,0,3,7,7,11,2,1,31,16.762777777777778,10.6975,7,7.065277777777778,11.370416666666667,10.786388888888888,0,31,-1.0,1.5714285714285714,3.6666666666666665,0.3548387096774194,0.03225806451612903,0.42857142857142855,0.06451612903225806,4.428571428571429,1,0.4814,0.3691
330f2800-9930-4a2f-a38c-1906bbd1be63,Pro,Turkey,Desktop,Education,1,1,0,0,1,0,0,0,1,0,0,5,10,3,2,2,4,26,14.386388888888888,7.614861111111111,7,7.771527777777778,12.654444444444444,8.444027777777778,0,26,-1.0,0.6666666666666666,0.4,0.07692307692307693,0.15384615384615385,0.5,0.07692307692307693,3.7142857142857144,0,0.4226,0.3026
928097e3-8a32-481e-8b47-29e5b56ab285,Business,UK,Mobile,E-Commerce,2,0,0,0,0,1,0,1,0,0,0,3,5,5,3,7,8,31,10.270416666666666,3.830138888888889,8,7.440277777777778,4.387777777777778,7.612777777777778,15,31,-0.5161290322580645,0.6,1.0,0.0967741935483871,0.25806451612903225,0.6,0.22580645161290322,3.875,0,0.3872,0.0
fb00556e-d46d-4353-9bba-33f787638230,Business,France,Desktop,Healthcare,2,1,1,0,0,0,0,0,0,1,0,6,5,8,9,2,6,36,12.400277777777777,5.596805555555555,8,7.803472222222222,5.596805555555555,5.8190277777777775,10,36,-0.7222222222222222,1.125,1.5,0.25,0.16666666666666666,1.2,0.05555555555555555,4.5,1,0.3319,0.0
20b116bd-8295-4845-929b-31ebc5e3559f,Business,Turkey,Desktop,Healthcare,2,1,0,0,1,0,0,0,0,1,0,7,3,5,6,6,1,28,21.511388888888888,14.789861111111112,7,7.721527777777778,15.704444444444444,14.909305555555555,0,28,-1.0,1.2,0.8571428571428571,0.21428571428571427,0.03571428571428571,2.3333333333333335,0.21428571428571427,4.0,1,0.6515,0.0
47bea422-c405-4600-922a-e576f4dc44c7,Free,USA,Mobile,SaaS,0,0,0,0,0,0,1,0,0,0,1,5,2,6,5,5,7,30,23.938472222222224,17.83222222222222,7,7.10625,17.88222222222222,18.402361111111112,0,30,-1.0,0.8333333333333334,1.0,0.16666666666666666,0.23333333333333334,2.5,0.16666666666666666,4.285714285714286,0,0.7024,0.516
f17922be-3245-4dba-a513-813d4877108a,Pro,France,Mobile,E-Commerce,1,0,1,0,0,0,0,1,0,0,0,0,9,9,6,2,5,31,11.877361111111112,5.702361111111111,7,7.175,7.839861111111111,5.702361111111111,8,31,-0.7419354838709677,0.6666666666666666,6.0,0.1935483870967742,0.16129032258064516,0.0,0.06451612903225806,4.428571428571429,1,0.3388,0.3565
2bb0316b-3161-46c5-9626-153266e61d7c,Free,Germany,Desktop,E-Commerce,0,1,0,1,0,0,0,1,0,0,0,7,3,6,7,7,1,31,22.214861111111112,15.73986111111111,8,7.475,15.73986111111111,16.495416666666667,0,31,-1.0,1.1666666666666667,1.0,0.22580645161290322,0.03225806451612903,2.3333333333333335,0.22580645161290322,3.875,1,0.685,0.3909
00aaca82-902d-467b-8b52-47cc2dd04076,Business,UK,Mobile,Healthcare,2,0,0,0,0,1,0,0,0,1,0,5,4,7,4,5,3,28,21.039166666666667,14.852361111111112,8,7.186805555555556,15.09125,15.362777777777778,0,28,-1.0,0.5714285714285714,0.8,0.14285714285714285,0.10714285714285714,1.25,0.17857142857142858,3.5,0,0.6386,0.0
2d9ca1db-1d0e-498f-ac32-72c9c860cf48,Free,Turkey,Mobile,Healthcare,0,0,0,0,1,0,0,0,0,1,0,3,7,7,9,2,2,30,15.036388888888888,8.687777777777777,8,7.348611111111111,8.687777777777777,9.04888888888889,0,30,-1.0,1.2857142857142858,3.0,0.3,0.06666666666666667,0.42857142857142855,0.06666666666666667,3.75,1,0.4382,0.4135
fa2b4edf-3efe-4f16-90fc-1d76bc7a9a34,Free,Turkey,Desktop,E-Commerce,0,1,0,0,1,0,0,1,0,0,0,4,3,7,6,5,4,29,19.056527777777777,12.789861111111112,8,7.266666666666667,14.544722222222223,12.789861111111112,0,29,-1.0,0.8571428571428571,1.5,0.20689655172413793,0.13793103448275862,1.3333333333333333,0.1724137931034483,3.625,1,0.5831,0.4642
bef6f656-26c6-4143-b8e8-791988f849ac,Business,UK,Desktop,Healthcare,2,1,0,0,0,1,0,0,0,1,0,3,5,3,3,7,3,24,19.81763888888889,13.959305555555556,7,6.858333333333333,15.189166666666667,16.07111111111111,0,24,-1.0,1.0,1.0,0.125,0.125,0.6,0.2916666666666667,3.4285714285714284,0,0.6887,0.0
1d32b55c-4620-4831-ad0b-6872774f339b,Pro,France,Mobile,SaaS,1,0,1,0,0,0,0,0,0,0,1,6,4,2,7,4,9,32,8.966944444444444,2.6870833333333333,7,7.279861111111111,3.2593055555555557,4.089861111111111,23,32,-0.28125,3.5,1.1666666666666667,0.21875,0.28125,1.5,0.125,4.571428571428571,1,0.2655,0.4307
2cc5e8fb-5e56-4d32-8555-8e0a982eed4a,Free,UK,Desktop,SaaS,0,1,0,0,0,1,0,0,0,0,1,3,6,6,5,7,2,29,10.268333333333333,3.5259722222222223,8,7.742361111111111,6.815555555555555,3.5259722222222223,15,29,-0.4827586206896552,0.8333333333333334,1.6666666666666667,0.1724137931034483,0.06896551724137931,0.5,0.2413793103448276,3.625,0,0.3508,0.4281
871c7489-37e1-456f-a212-b34ed15e0383,Pro,UK,Mobile,Education,1,0,0,0,0,1,0,0,1,0,0,6,4,3,4,3,4,24,16.195416666666667,9.787777777777778,8,7.407638888888889,9.836388888888889,11.631527777777778,0,24,-1.0,1.3333333333333333,0.6666666666666666,0.16666666666666666,0.16666666666666666,1.5,0.125,3.0,0,0.5062,0.3057
d230fab5-250a-4ea1-a532-6bdfdf11833c,Business,UK,Mobile,Education,2,0,0,0,0,1,0,0,1,0,0,6,6,4,4,7,5,32,25.35375,18.75513888888889,8,7.598611111111111,18.915555555555557,21.63361111111111,0,32,-1.0,1.0,0.6666666666666666,0.125,0.15625,1.0,0.21875,4.0,0,0.7705,0.0
7dc4e7af-fd86-4595-9469-09156e4c1144,Free,France,Desktop,SaaS,0,1,1,0,0,0,0,0,0,0,1,3,5,6,5,1,1,21,7.057916666666666,0.7961111111111111,8,7.261805555555555,1.485,2.411388888888889,20,21,-0.047619047619047616,0.8333333333333334,1.6666666666666667,0.23809523809523808,0.047619047619047616,0.6,0.047619047619047616,2.625,0,0.1615,0.4176
e7520282-69ad-460c-9ffb-c7b5ed00ea03,Pro,UK,Desktop,Education,1,1,0,0,0,1,0,0,1,0,0,6,7,3,9,1,8,34,12.425972222222223,5.605138888888889,8,7.820833333333334,6.8975,7.6218055555555555,9,34,-0.7352941176470589,3.0,1.5,0.2647058823529412,0.23529411764705882,0.8571428571428571,0.029411764705882353,4.25,1,0.3364,0.4106
10f96bdb-f0eb-402a-bf68-d09638a5252a,Free,Germany,Desktop,Healthcare,0,1,0,1,0,0,0,0,0,1,0,7,7,3,4,2,3,26,9.515555555555556,2.698888888888889,8,7.816666666666666,4.557222222222222,2.855138888888889,17,26,-0.34615384615384615,1.3333333333333333,0.5714285714285714,0.15384615384615385,0.11538461538461539,1.0,0.07692307692307693,3.25,0,0.2371,0.4774
9727faf9-d887-4f43-9b64-46cf8ba70a39,Free,USA,Mobile,E-Commerce,0,0,0,0,0,0,1,1,0,0,0,2,5,6,4,5,5,27,15.293333333333333,8.532916666666667,8,7.760416666666667,8.532916666666667,10.081527777777778,0,27,-1.0,0.6666666666666666,2.0,0.14814814814814814,0.18518518518518517,0.4,0.18518518518518517,3.375,0,0.5045,0.4624
e310a622-2556-4be8-a427-bbf9c731f63b,Pro,UK,Mobile,Healthcare,1,0,0,0,0,1,0,0,0,1,0,1,6,7,8,0,6,28,24.40652777777778,17.76486111111111,8,7.641666666666667,18.498194444444444,17.76486111111111,0,28,-1.0,1.1428571428571428,8.0,0.2857142857142857,0.21428571428571427,0.16666666666666666,0.0,3.5,1,0.6124,0.3001
7c2a5c2f-6648-44f0-91fb-a84a9524f517,Business,Turkey,Desktop,SaaS,2,1,0,0,1,0,0,0,0,0,1,2,9,6,4,7,4,32,21.424583333333334,14.588472222222222,8,7.836111111111111,14.588472222222222,14.598888888888888,0,32,-1.0,0.6666666666666666,2.0,0.125,0.125,0.2222222222222222,0.21875,4.0,0,0.6481,0.0
aa06a8cc-de35-42aa-abe6-ba26b7cae495,Pro,UK,Mobile,Education,1,0,0,0,0,1,0,0,1,0,0,3,5,3,9,4,4,28,13.416944444444445,6.659305555555555,8,7.757638888888889,7.280138888888889,8.398888888888889,3,28,-0.8928571428571429,3.0,3.0,0.32142857142857145,0.14285714285714285,0.6,0.14285714285714285,3.5,1,0.4308,0.2794
d0c682c7-8546-4f55-acf7-8f26985fc421,Pro,Germany,Desktop,Healthcare,1,1,0,1,0,0,0,0,0,1,0,2,2,1,6,6,4,21,16.13361111111111,9.693333333333333,8,7.440277777777778,10.655138888888889,16.13361111111111,0,21,-1.0,6.0,3.0,0.2857142857142857,0.19047619047619047,1.0,0.2857142857142857,2.625,1,0.6254,0.2191
0dbb7dbb-5bee-4151-b5dc-d3f9b50b8ae2,Free,France,Mobile,SaaS,0,0,1,0,0,0,0,0,0,0,1,4,3,4,12,8,4,35,25.468333333333334,18.588472222222222,8,7.879861111111111,18.669722222222223,21.53638888888889,0,35,-1.0,3.0,3.0,0.34285714285714286,0.11428571428571428,1.3333333333333333,0.22857142857142856,4.375,1,0.7721,0.3561
a0357572-d01b-45cd-bf0a-434334671108,Business,Turkey,Mobile,E-Commerce,2,0,0,0,1,0,0,1,0,0,0,5,3,8,5,3,5,29,6.948888888888889,0.8398611111111111,7,7.1090277777777775,0.8780555555555556,0.8398611111111111,29,29,0.0,0.625,1.0,0.1724137931034483,0.1724137931034483,1.6666666666666667,0.10344827586206896,4.142857142857143,0,0.1712,0.0
195ae1fb-f831-427d-bb3e-2a54277d5811,Pro,Germany,Desktop,Healthcare,1,1,0,1,0,0,0,0,0,1,0,3,8,3,2,7,4,27,18.285,11.554444444444444,8,7.730555555555555,13.087083333333334,12.546805555555556,0,27,-1.0,0.6666666666666666,0.6666666666666666,0.07407407407407407,0.14814814814814814,0.375,0.25925925925925924,3.375,0,0.6067,0.2549
d50652d2-f851-4ad5-88ad-1f88c127e430,Business,USA,Desktop,E-Commerce,2,1,0,0,0,0,1,1,0,0,0,0,4,2,5,5,2,18,14.86138888888889,8.61625,7,7.245138888888889,10.412083333333333,9.213472222222222,0,18,-1.0,2.5,5.0,0.2777777777777778,0.1111111111111111,0.0,0.2777777777777778,2.5714285714285716,0,0.5442,0.0
2b303091-c374-481c-8b30-04070f6ae88a,Free,Turkey,Desktop,SaaS,0,1,0,0,1,0,0,0,0,0,1,5,4,7,6,6,5,33,27.39263888888889,20.544722222222223,8,7.847916666666666,21.42111111111111,20.875972222222224,0,33,-1.0,0.8571428571428571,1.2,0.18181818181818182,0.15151515151515152,1.25,0.18181818181818182,4.125,1,0.7708,0.4588
6ad5e87b-3885-4209-9141-08fc2b6574d6,Pro,UK,Mobile,E-Commerce,1,0,0,0,0,1,0,1,0,0,0,3,3,4,4,5,6,25,17.368333333333332,11.27736111111111,7,7.090972222222222,11.528055555555556,11.327361111111111,0,25,-1.0,1.0,1.3333333333333333,0.16,0.24,1.0,0.2,3.5714285714285716,0,0.5622,0.3138
60d82608-5860-4066-bff0-55d3e35793ee,Free,Germany,Desktop,Education,0,1,0,1,0,0,0,0,1,0,0,5,3,7,1,4,8,28,23.31277777777778,16.595416666666665,8,7.717361111111111,17.86,17.027361111111112,0,28,-1.0,0.14285714285714285,0.2,0.03571428571428571,0.2857142857142857,1.6666666666666667,0.14285714285714285,3.5,0,0.6605,0.577
c9ba2a9b-504e-487a-a019-fa0665fe722d,Pro,France,Mobile,E-Commerce,1,0,1,0,0,0,0,1,0,0,0,7,5,3,4,4,4,27,19.167638888888888,12.69125,8,7.476388888888889,14.535694444444445,13.862083333333333,0,27,-1.0,1.3333333333333333,0.5714285714285714,0.14814814814814814,0.14814814814814814,1.4,0.14814814814814814,3.375,0,0.5791,0.3052
4ae0e3b1-b975-4aaa-8577-e24c0b776522,Free,France,Mobile,Healthcare,0,0,1,0,0,0,0,0,0,1,0,6,4,3,9,8,5,35,7.37875,0.96625,8,7.4125,1.2308333333333332,1.8468055555555556,31,35,-0.11428571428571428,3.0,1.5,0.2571428571428571,0.14285714285714285,1.5,0.22857142857142856,4.375,1,0.256,0.5298
